{
  "_guid_": "Common_Response_Body_Document_Base",
  "size": "[[ANYTHING_PRESENT]]",
  "mimeType": "[[ANYTHING_PRESENT]]",
  "originalDocumentName": "[[ANYTHING_PRESENT]]",
  "createdOn": "[[ANYTHING_PRESENT]]",
  "classification": "PUBLIC",
  "createdBy": "[[ANYTHING_PRESENT]]",
  "lastModifiedBy": "[[ANYTHING_PRESENT]]",
  "modifiedOn": "[[ANYTHING_PRESENT]]",
  "metadata": {
    "case_type_id": "BEFTA_CASETYPE_2_1",
    "jurisdiction": "BEFTA_JURISDICTION_2"
  },
  "hashToken": "[[ANYTHING_PRESENT]]",
  "ttl": "[[ANY_NULLABLE]]",
  "_links": {
    "self": {
      "href": "[[ANYTHING_PRESENT]]"
    },
    "binary": {
      "href": "[[ANYTHING_PRESENT]]"
    }
  }
}
