{
  "_guid_": "Default_Document_Upload_Data",
  "_extends_": "Default_Document_Upload_Data_Base",
  "users": {
    "invokingUser": {
      "username": "befta.caseworker.2.solicitor.2@gmail.com",
      "password": "[[$CCD_BEFTA_CASEWORKER_2_SOLICITOR_2_PWD]]"
    }
  },
  "specs": [
    "by another privileged user to upload a document with mandatory metadata"
  ],
  "request": {
    "body": {
      "arrayInMap": [
        {
          "key": "classification",
          "value": "PUBLIC"
        },
        {
          "key": "caseTypeId",
          "value": "BEFTA_CASETYPE_2_1"
        },
        {
          "key": "jurisdictionId",
          "value": "BEFTA_JURISDICTION_2"
        },
        {
          "key": "files",
          "filePath": "SampleImage.png"
        }
      ]
    }
  }
}
