{
  "title": "must get an error response for a malformed document Id",
  "_guid_": "S-062",
  "_extends_": "F-006_Test_Base_data",
  "specs": [
    "contains a malformed document Id"
  ],
  "request": {
    "pathVariables": {
      "documentId": "8de9957b-d7a6-40a1-@£$&-6aac30d33644"
    }
  },
  "expectedResponse": {
    "_extends_": "AM_400_Response",
    "headers": {
      "Content-Type": "application/json",
      "Content-Length": "[[ANYTHING_PRESENT]]"
    },
    "body": {
      "error": "[[ANYTHING_PRESENT]]"
    }
  }
}


