{
  "title": "must successfully get hashtoken by document Id",
  "_guid_": "S-064_Get_Hash_Token",
  "_extends_": "F-006_Test_Base_data",
  "specs": [
    "contains the document Id from just uploaded document",
    "contains the hashtoken received from just uploaded document",
    "by same user to get a hashtoken"
  ],
  "request": {
    "pathVariables": {
      "documentId": "${[scenarioContext][parentContext][childContexts][Default_Document_Upload_Data][customValues][documentIdInTheResponse]}"
    }
  },
  "expectedResponse": {
    "_extends_": "Common_200_Response",
    "headers": {
      "Content-Type": "application/json",
      "Content-Length": "[[ANYTHING_PRESENT]]"
    },
    "body": {
      "hashToken": "${[scenarioContext][parentContext][childContexts][Default_Document_Upload_Data][testData][actualResponse][body][documents][0][hashToken]}"
    }
  }
}


