{
  "_guid_": "S-047",
  "_extends_": "F-004_Test_Base_data",
  "title": "must successfully upload multiple document with binary content",
  "specs": [
    "contains multiple documents with binary contents",
    "contains the metadata for each of the documents uploaded above"
  ],
  "request": {
    "body": {
      "arrayInMap": [
        {
          "key": "classification",
          "value": "PUBLIC"
        },
        {
          "key": "caseTypeId",
          "value": "BEFTA_CASETYPE_2_1"
        },
        {
          "key": "jurisdictionId",
          "value": "BEFTA_JURISDICTION_2"
        },
        {
          "key": "files",
          "filePath": "SampleImage.png"
        },
        {
          "key": "files",
          "filePath": "Sample.pdf"
        },
        {
          "key": "files",
          "filePath": "Sample.pdf"
        }
      ]
    }
  },
  "expectedResponse": {
    "_extends_": "Common_200_Response",
    "headers": {
      "Content-Encoding": "[[ANYTHING_PRESENT]]",
      "Content-Type": "application/json",
      "Content-Length": "[[ANYTHING_PRESENT]]"
    },
    "body": {
      "documents": [
        {
          "_extends_": "Common_Response_Body_Document_Base"
        },
        {
          "_extends_": "Common_Response_Body_Document_Base"
        },
        {
          "_extends_": "Common_Response_Body_Document_Base"
        }
      ]
    }
  }
}
