{
  "_guid_": "S-118",
  "_extends_": "F-004_Test_Base_data",
  "s2sClientId": "ccd_data",
  "title": "must get an error response when CCD Data Store tries to access Upload Document With Binary Content API",
  "specs": [
    "is to be made on behalf of CCD Data Store API"
  ],
  "request": {
    "body": {
      "arrayInMap": [
        {
          "key": "classification",
          "value": "PUBLIC"
        },
        {
          "key": "caseTypeId",
          "value": "BEFTA_CASETYPE_2_1"
        },
        {
          "key": "jurisdictionId",
          "value": "BEFTA_JURISDICTION_2"
        },
        {
          "key": "files",
          "filePath": "SampleImage.png"
        }
      ]
    }
  },
  "expectedResponse": {
    "_extends_": "AM_403_Response",
    "headers": {
      "Content-Type": "application/json",
      "Content-Length": "[[ANYTHING_PRESENT]]"
    },
    "body": {
      "error": "Forbidden: Insufficient permissions: ${[scenarioContext][testData][request][body][arrayInMap][1][value]} ${[scenarioContext][testData][request][body][arrayInMap][2][value]}"
    }
  }
}
