{
  "title": "must get an error response for a malformed Jurisdiction Id",
  "_guid_": "S-075",
  "_extends_": "F-007_Test_Data_Base",
  "specs": [
    "contains a malformed Jurisdiction Id",
    "is to be made on behalf of CCD Data Store API"
  ],
  "request": {
    "body": {
      "jurisdictionId": "BEFTA_JURISDICTION£$",
      "documentHashTokens": [
        {
          "id": "${[scenarioContext][childContexts][F-007-Upload_Document1][customValues][documentIdInTheResponse]}",
          "hashToken": "${[scenarioContext][childContexts][F-007-Upload_Document1][testData][actualResponse][body][documents][0][hashToken]}"
        }
      ]
    }
  },
  "expectedResponse": {
    "_extends_": "AM_400_Response",
    "headers": {
      "Content-Type": "application/json",
      "Content-Length": "[[ANYTHING_PRESENT]]"
    },
    "body": {
      "error": "[[ANY_STRING_NOT_NULLABLE]]"
    }
  }
}
