{
  "title": "must get an error response for a wrong hash token",
  "_guid_": "S-071",
  "_extends_": "F-007_Test_Data_Base",
  "specs": [
    "contains a wrong hash token",
    "is to be made on behalf of CCD Data Store API"
  ],
  "request": {
    "body": {
      "documentHashTokens": [
        {
          "id": "${[scenarioContext][childContexts][F-007-Upload_Document1][customValues][documentIdInTheResponse]}",
          "hashToken": "3a38541c0f372334196d1dd3b70d4449142aeb44589f00000000000000000000"
        }
      ]
    }
  },
  "expectedResponse": {
    "_extends_": "AM_403_Response",
    "headers": {
      "Content-Type": "application/json",
      "Content-Length": "[[ANYTHING_PRESENT]]"
    },
    "body": {
      "error": "Forbidden: Insufficient permissions: Hash token check failed for the document: ${[scenarioContext][childContexts][F-007-Upload_Document1][customValues][documentIdInTheResponse]}"
    }
  }
}
