{
  "title": "must get an error response when Bulk Scan Processor tries to access Attach Document to Case API",
  "_guid_": "S-103",
  "_extends_": "F-007_Test_Data_Base",
  "s2sClientId": "bulk_scan_processor",
  "specs": [
    "contains a Case Id",
    "is to be made on behalf of Bulk Scan Processor API"
  ],
  "request": {
    "body": {
      "documentHashTokens": [
        {
          "id": "${[scenarioContext][childContexts][F-007-Upload_Document1][customValues][documentIdInTheResponse]}",
          "hashToken": "${[scenarioContext][childContexts][F-007-Upload_Document1][testData][actualResponse][body][documents][0][hashToken]}"
        }
      ]
    }
  },
  "expectedResponse": {
    "_extends_": "AM_403_Response",
    "headers": {
      "Content-Type": "application/json",
      "Content-Length": "[[ANYTHING_PRESENT]]"
    },
    "body": {
      "error": "Forbidden: Insufficient permissions: ${[scenarioContext][childContexts][F-007-Upload_Document1][testData][actualResponse][body][documents][0][metadata][case_type_id]} ${[scenarioContext][childContexts][F-007-Upload_Document1][testData][actualResponse][body][documents][0][metadata][jurisdiction]}"
    }
  }
}
