{
  "_guid_": "Befta_Default_Full_Case_Creation_Data",
  "_extends_": "Befta_Case_Creation_Base_Data",
  "users": {
    "invokingUser": {
      "username": "befta.caseworker.1@gmail.com",
      "password": "[[$CCD_BEFTA_CASEWORKER_1_PWD]]"
    }
  },
  "request": {
    "pathVariables": {
      "jid": "BEFTA_JURISDICTION_1",
      "ctid": "BEFTA_CASETYPE_1_1"
    },
    "body": {
      "data": {
        "_extends_": "Befta_Default_Full_Case_Data"
      }
    }
  },
  "expectedResponse": {
    "body": {
      "jurisdiction": "BEFTA_JURISDICTION_1",
      "case_type_id": "BEFTA_CASETYPE_1_1",
      "case_data": {
        "_extends_": "Befta_Default_Full_Case_Data"
      },
      "data_classification": {
        "MoneyGBPField": "PUBLIC",
        "PhoneUKField": "PUBLIC",
        "NumberField": "PUBLIC",
        "YesOrNoField": "PUBLIC",
        "EmailField": "PUBLIC",
        "TextField": "PUBLIC"
      },
      "security_classifications": {
        "MoneyGBPField": "PUBLIC",
        "PhoneUKField": "PUBLIC",
        "NumberField": "PUBLIC",
        "YesOrNoField": "PUBLIC",
        "EmailField": "PUBLIC",
        "TextField": "PUBLIC"
      }
    }
  }
}
