{
  "_guid_": "Citizen_Full_Case_Creation_Data",
  "productName": "CCD Data Store",
  "operationName": "Submit case creation as Citizen",
  "method": "POST",
  "uri": "/citizens/{uid}/jurisdictions/{jid}/case-types/{ctid}/cases",
  "specs": [
    "to create a full case as a citizen"
  ],
  "users": {
    "invokingUser": {
      "username": "befta.citizen.3@gmail.com",
      "password": "[[$CCD_BEFTA_CITIZEN_3_PWD]]"
    }
  },
  "request": {
    "headers": {
      "_extends_": "Common_Request_Headers"
    },
    "pathVariables": {
      "uid": "[[DEFAULT_AUTO_VALUE]]",
      "jid": "BEFTA_JURISDICTION_3",
      "ctid": "BEFTA_CASETYPE_3_2"
    },
    "body": {
      "data": {
        "_extends_": "Standard_Full_Case_Data"
      },
      "event": {
        "id": "CREATE",
        "summary": "",
        "description": ""
      },
      "event_token": "${[scenarioContext][parentContext][childContexts][Citizen_Token_Creation_Data_For_Case_Creation][testData][actualResponse][body][token]}",
      "ignore_warning": false,
      "draft_id": null
    }
  },
  "expectedResponse": {
    "_extends_": "Common_201_Response",
    "headers": {
      "Content-Encoding": "gzip",
      "Content-Type": "application/json;charset=UTF-8",
      "vary": "accept-encoding",
      "Content-Length": "[[ANY]]"
    },
    "body": {
      "id": "[[ANY]]",
      "jurisdiction": "BEFTA_JURISDICTION_3",
      "state": "TODO",
      "version": 0,
      "case_type_id": "BEFTA_CASETYPE_3_2",
      "created_date": "[[ANY]]",
      "last_modified": "[[ANY]]",
      "security_classification": "PUBLIC",
      "case_data": {
        "_extends_": "Standard_Full_Case_Data"
      },
      "data_classification": {
        "_extends_": "Standard_Full_Case_Data_Classification"
      },
      "after_submit_callback_response": null,
      "callback_response_status_code": null,
      "callback_response_status": null,
      "delete_draft_response_status_code": null,
      "delete_draft_response_status": null,
      "security_classifications": {
        "_extends_": "Standard_Full_Case_Data_Classification"
      }
    }
  }
}
