{
  "_guid_": "Standard_Full_Case_Creation_Data",
  "_extends_": "Case_Creation_Data_Base",
  "users": {
    "invokingUser": {
      "username": "[[$CCD_CASEWORKER_AUTOTEST_EMAIL]]",
      "password": "[[$CCD_CASEWORKER_AUTOTEST_PASSWORD]]"
    }
  },
  "request": {
    "pathVariables": {
      "jid": "AUTOTEST1",
      "ctid": "AAT_AUTH_15"
    },
    "body": {
      "data": {
        "_extends_": "Standard_Full_Case_Data"
      }
    }
  },
  "expectedResponse": {
    "body": {
      "jurisdiction": "AUTOTEST1",
      "case_type_id": "AAT_AUTH_15",
      "case_data": {
        "_extends_": "Standard_Full_Case_Data"
      },
      "data_classification": {
        "MoneyGBPField": "PUBLIC",
        "FixedListField": "PUBLIC",
        "AddressUKField": {
          "classification": "PUBLIC",
          "value": {
            "AddressLine1": "PUBLIC",
            "AddressLine2": "PUBLIC",
            "AddressLine3": "PUBLIC",
            "PostTown": "PUBLIC",
            "County": "PUBLIC",
            "PostCode": "PUBLIC",
            "Country": "PUBLIC"
          }
        },
        "DateTimeField": "PUBLIC",
        "PhoneUKField": "PUBLIC",
        "NumberField": "PUBLIC",
        "MultiSelectListField": "PUBLIC",
        "YesOrNoField": "PUBLIC",
        "EmailField": "PUBLIC",
        "TextField": "PUBLIC",
        "DateField": "PUBLIC",
        "TextAreaField": "PUBLIC",
        "CollectionField": {
          "classification": "PUBLIC",
          "value": [
            {
              "id": "CollectionField1",
              "classification": "PUBLIC"
            },
            {
              "id": "CollectionField2",
              "classification": "PUBLIC"
            }
          ]
        }
      },
      "security_classifications": {
        "MoneyGBPField": "PUBLIC",
        "FixedListField": "PUBLIC",
        "AddressUKField": {
          "classification": "PUBLIC",
          "value": {
            "AddressLine1": "PUBLIC",
            "AddressLine2": "PUBLIC",
            "AddressLine3": "PUBLIC",
            "PostTown": "PUBLIC",
            "County": "PUBLIC",
            "PostCode": "PUBLIC",
            "Country": "PUBLIC"
          }
        },
        "DateTimeField": "PUBLIC",
        "PhoneUKField": "PUBLIC",
        "NumberField": "PUBLIC",
        "MultiSelectListField": "PUBLIC",
        "YesOrNoField": "PUBLIC",
        "EmailField": "PUBLIC",
        "TextField": "PUBLIC",
        "DateField": "PUBLIC",
        "TextAreaField": "PUBLIC",
        "CollectionField": {
          "classification": "PUBLIC",
          "value": [
            {
              "id": "CollectionField1",
              "classification": "PUBLIC"
            },
            {
              "id": "CollectionField2",
              "classification": "PUBLIC"
            }
          ]
        }
      }
    }
  }
}
