{
  "_guid_": "Befta_Jurisdiction2_Citizen_Case_Creation_Base_Data",
  "productName": "CCD Data Store",
  "operationName": "Submit case creation as Case worker",
  "method": "POST",
  "uri": "/citizens/{uid}/jurisdictions/{jid}/case-types/{ctid}/cases",
  "specs": [
    "by a privileged user with full ACL to create a case of this case type"
  ],
  "request": {
    "headers": {
      "_extends_": "Common_Request_Headers"
    },
    "pathVariables": {
      "uid": "[[DEFAULT_AUTO_VALUE]]"
    },
    "body": {
      "event": {
        "id": "CREATE",
        "summary": "",
        "description": ""
      },
      "event_token": "${[scenarioContext][parentContext][childContexts][Befta_Jurisdiction2_Default_Token_Creation_Data_For_Citizen_Case_Creation][testData][actualResponse][body][token]}",
      "ignore_warning": false,
      "draft_id": null
    }
  },
  "expectedResponse": {
    "_extends_": "Common_201_Response",
    "headers": {
      "Content-Encoding": "gzip",
      "Content-Type": "application/json;charset=UTF-8",
      "vary": "accept-encoding",
      "Content-Length": "[[ANY]]"
    },
    "body": {
      "id": "[[ANY]]",
      "state": "TODO",
      "version": 0,
      "created_date": "[[ANY]]",
      "last_modified": "[[ANY]]",
      "security_classification": "PUBLIC",
      "after_submit_callback_response": null,
      "callback_response_status_code": null,
      "callback_response_status": null,
      "delete_draft_response_status_code": null,
      "delete_draft_response_status": null
    }
  }
}
