{
  "_guid_": "Befta_Jurisdiction2_Default_Citizen_Case_Creation_Data",
  "_extends_": "Befta_Jurisdiction2_Citizen_Case_Creation_Base_Data",
  "users": {
    "invokingUser": {
      "username": "befta.citizen.2@gmail.com",
      "password": "[[$CCD_BEFTA_CITIZEN_2_PWD]]"
    }
  },
  "request": {
    "pathVariables": {
      "jid": "BEFTA_JURISDICTION_2",
      "ctid": "BEFTA_CASETYPE_2_1"
    },
    "body": {
      "data": {
        "_extends_": "Befta_Jurisdiction2_Default_Citizen_Case_Data"
      }
    }
  },
  "expectedResponse": {
    "responseCode": 201,
    "responseMessage": "OK",
    "headers": {
      "_extends_": "Common_Response_Headers",
      "Transfer-Encoding": "chunked",
      "Vary": "Accept-Encoding"
    },
    "body": {
      "id": "[[ANY]]",
      "jurisdiction": "BEFTA_JURISDICTION_2",
      "state": "TODO",
      "version": 0,
      "case_type_id": "BEFTA_CASETYPE_2_1",
      "created_date": "[[ANY]]",
      "last_modified": "[[ANY]]",
      "security_classification": "PUBLIC",
      "case_data": {
        "_extends_": "Befta_Citizen_Case_Data",
        "DocumentField4": {
          "document_url": "http://dm-store-aat.service.core-compute-aat.internal/documents/e56f0aea-4a5f-46d5-82d3-01b536420870",
          "document_binary_url": "http://dm-store-aat.service.core-compute-aat.internal/documents/e56f0aea-4a5f-46d5-82d3-01b536420870/binary",
          "document_filename": "Screenshot 2019-11-14 at 1.57.32 pm.png"
        },
        "DocumentField2": {
          "document_url": "http://dm-store-aat.service.core-compute-aat.internal/documents/ae5c9e4b-1385-483e-b1b7-607e75dd3943",
          "document_binary_url": "http://dm-store-aat.service.core-compute-aat.internal/documents/ae5c9e4b-1385-483e-b1b7-607e75dd3943/binary",
          "document_filename": "Elastic Search test Case.png"
        }
      },
      "data_classification": {
        "_extends_": "Befta_Citizen_Data_Securities_Classification"
      },
      "security_classifications": {
        "_extends_": "Befta_Citizen_Data_Securities_Classification"
      },
      "after_submit_callback_response": null,
      "callback_response_status_code": null,
      "callback_response_status": null,
      "delete_draft_response_status_code": null,
      "delete_draft_response_status": null
    }
  }
}
