{
  "_guid_": "Befta_Citizen_Data_Securities_Classification",
  "DocumentField4": "PUBLIC",
  "MoneyGBPField": "PUBLIC",
  "FixedListField": "PUBLIC",
  "AddressUKField": {
    "classification": "PUBLIC",
    "value": {
      "AddressLine1": "PUBLIC",
      "AddressLine2": "PUBLIC",
      "AddressLine3": "PUBLIC",
      "PostTown": "PUBLIC",
      "County": "PUBLIC",
      "PostCode": "PUBLIC",
      "Country": "PUBLIC"
    }
  },
  "DocumentField2": "PUBLIC",
  "FixedRadioListField": "PUBLIC",
  "DateTimeField": "PUBLIC",
  "PhoneUKField": "PUBLIC",
  "NumberField": "PUBLIC",
  "MultiSelectListField": "PUBLIC",
  "YesOrNoField": "PUBLIC",
  "EmailField": "PUBLIC",
  "TextField": "PUBLIC",
  "DateField": "PUBLIC",
  "TextAreaField": "PUBLIC",
  "CollectionField": {
    "classification": "PUBLIC",
    "value": []
  }
}
