{
  "_guid_": "Befta_Jurisdiction2_Default_Citizen_Case_Data",
  "_extends_": "Befta_Citizen_Case_Data",
  "DocumentField4": {
    "document_url": "http://dm-store-aat.service.core-compute-aat.internal/documents/e56f0aea-4a5f-46d5-82d3-01b536420870",
    "document_binary_url": "http://dm-store-aat.service.core-compute-aat.internal/documents/e56f0aea-4a5f-46d5-82d3-01b536420870/binary",
    "document_filename": "Screenshot 2019-11-14 at 1.57.32 pm.png"
  },
  "DocumentField6": {
    "document_url": "http://dm-store-aat.service.core-compute-aat.internal/documents/76976634-374f-472b-a819-a3a938b4cc83",
    "document_binary_url": "http://dm-store-aat.service.core-compute-aat.internal/documents/76976634-374f-472b-a819-a3a938b4cc83/binary",
    "document_filename": "Screenshot 2019-11-13 at 11.25.45 am.png"
  },
  "DocumentField2": {
    "document_url": "http://dm-store-aat.service.core-compute-aat.internal/documents/ae5c9e4b-1385-483e-b1b7-607e75dd3943",
    "document_binary_url": "http://dm-store-aat.service.core-compute-aat.internal/documents/ae5c9e4b-1385-483e-b1b7-607e75dd3943/binary",
    "document_filename": "Elastic Search test Case.png"
  },
  "DocumentField1": {
    "document_url": "http://dm-store-aat.service.core-compute-aat.internal/documents/e636eef3-839a-48cd-96f0-dad43e66f5c4",
    "document_binary_url": "http://dm-store-aat.service.core-compute-aat.internal/documents/e636eef3-839a-48cd-96f0-dad43e66f5c4/binary",
    "document_filename": "Screenshot 2019-11-13 at 3.24.26 pm.png"
  }
}
