{
  "_guid_": "Befta_Jurisdiction2_Default_Full_Case_Response_Single_Document",
  "MoneyGBPField": "111100",
  "FixedListField": "VALUE3",
  "AddressUKField": {
    "AddressLine1": null,
    "AddressLine2": null,
    "AddressLine3": null,
    "PostTown": null,
    "County": null,
    "PostCode": null,
    "Country": null
  },
  "DocumentField1": {
    "document_url": "{{DM_STORE_BASE_URL}}/documents/${[scenarioContext][parentContext][childContexts][Default_Document_Upload_Data][customValues][documentIdInTheResponse]}",
    "document_binary_url": "{{DM_STORE_BASE_URL}}/documents/${[scenarioContext][parentContext][childContexts][Default_Document_Upload_Data][customValues][documentIdInTheResponse]}/binary",
    "document_filename": "Screenshot 2019-11-13 at 3.24.26 pm.png"
  },
  "ComplexField": {
    "ComplexTextField": null,
    "ComplexFixedListField": null,
    "ComplexNestedField": {
      "NestedNumberField": null,
      "NestedCollectionTextField": []
    }
  },
  "FixedRadioListField": "RADIOVALUE2",
  "DateTimeField": null,
  "PhoneUKField": null,
  "NumberField": "111111222222",
  "MultiSelectListField": [
    "OPTION5",
    "OPTION4",
    "OPTION3"
  ],
  "YesOrNoField": "Yes",
  "EmailField": "testemail@gmail.com",
  "TextField": "sometextfield",
  "DateField": "2222-01-02",
  "TextAreaField": "textarea",
  "CollectionField": []
}


