{
  "_guid_": "Befta_Jurisdiction2_Default_Full_Case_Data_Security_Classification",
  "DocumentField4": "PUBLIC",
  "MoneyGBPField": "PUBLIC",
  "DocumentField3": "PUBLIC",
  "FixedListField": "PUBLIC",
  "AddressUKField": {
    "value": {
      "County": "PUBLIC",
      "Country": "PUBLIC",
      "PostCode": "PUBLIC",
      "PostTown": "PUBLIC",
      "AddressLine1": "PUBLIC",
      "AddressLine2": "PUBLIC",
      "AddressLine3": "PUBLIC"
    },
    "classification": "PUBLIC"
  },
  "DocumentField6": "PUBLIC",
  "DocumentField5": "PUBLIC",
  "DocumentField2": "PUBLIC",
  "DocumentField1": "PUBLIC",
  "FixedRadioListField": "PUBLIC",
  "DateTimeField": "PUBLIC",
  "PhoneUKField": "PUBLIC",
  "DocumentField7": "PUBLIC",
  "NumberField": "PUBLIC",
  "MultiSelectListField": "PUBLIC",
  "YesOrNoField": "PUBLIC",
  "EmailField": "PUBLIC",
  "TextField": "PUBLIC",
  "DateField": "PUBLIC",
  "TextAreaField": "PUBLIC",
  "CollectionField": {
    "value": [],
    "classification": "PUBLIC"
  }
}



