{
  "_guid_": "Befta_Jurisdiction2_Case_Creation_Base_Data",
  "productName": "CCD Data Store",
  "operationName": "Submit case creation as Case worker",
  "method": "POST",
  "uri": "{{CCD_DATA_STORE_API_BASE_URL}}/case-types/{ctid}/cases",
  "specs": [
    "by a privileged user with full ACL to create a case of this case type",
    "to create a case of this case type"
  ],
  "request": {
    "headers": {
      "_extends_": "Common_Request_Headers",
      "experimental": true,
      "Content-Type": "application/vnd.uk.gov.hmcts.ccd-data-store-api.create-case.v3+json;charset=UTF-8"
    },
    "body": {
      "event": {
        "id": "CREATE",
        "summary": "",
        "description": ""
      },
      "event_token": "${[scenarioContext][parentContext][childContexts][Befta_Jurisdiction2_Default_Token_Creation_Data_For_Case_Creation][testData][actualResponse][body][token]}",
      "ignore_warning": false,
      "draft_id": null
    }
  },
  "expectedResponse": {
    "responseCode" : 201,
    "responseMessage" : "Created",
    "headers" : {
      "Cache-Control" : "no-cache, no-store, max-age=0, must-revalidate",
      "Content-Encoding" : "gzip",
      "Content-Length" : "[[ANYTHING_PRESENT]]",
      "Content-Type" : "application/vnd.uk.gov.hmcts.ccd-data-store-api.create-case.v3+json;charset=UTF-8",
      "Date" : "[[ANYTHING_PRESENT]]",
      "Expires" : "[[ANYTHING_PRESENT]]",
      "Pragma" : "no-cache",
      "Vary" : "[[ANYTHING_PRESENT]]",
      "X-Content-Type-Options" : "nosniff",
      "X-Frame-Options" : "DENY",
      "X-Xss-Protection" : "1; mode=block"
    }
  }
}
