{
  "_guid_": "Befta_Jurisdiction2_Default_Token_Creation_Data_For_Case_Creation",
  "productName": "CCD Data Store",
  "operationName": "Start event creation as Case worker",
  "method": "GET",
  "uri": "{{CCD_DATA_STORE_API_BASE_URL}}/caseworkers/{uid}/jurisdictions/{jid}/case-types/{ctid}/event-triggers/{etid}/token",
  "specs": [
    "to create a token for case creation"
  ],
  "users": {
    "invokingUser": {
      "username": "befta.caseworker.2.solicitor.2@gmail.com",
      "password": "[[$CCD_BEFTA_CASEWORKER_2_SOLICITOR_2_PWD]]"
    }
  },
  "request": {
    "headers": {
      "_extends_": "Common_Request_Headers"
    },
    "pathVariables": {
      "uid": "[[DEFAULT_AUTO_VALUE]]",
      "jid": "BEFTA_JURISDICTION_2",
      "ctid": "BEFTA_CASETYPE_2_1",
      "etid": "CREATE"
    }
  },
  "expectedResponse": {
    "responseCode" : 200,
    "responseMessage" : "OK",
    "headers" : {
      "Cache-Control" : "no-cache, no-store, max-age=0, must-revalidate",
      "Content-Encoding" : "gzip",
      "Content-Length" : "[[ANYTHING_PRESENT]]",
      "Content-Type" : "application/json",
      "Date" : "[[ANYTHING_PRESENT]]",
      "Expires" : "[[ANYTHING_PRESENT]]",
      "Pragma" : "no-cache",
      "Vary" : "[[ANYTHING_PRESENT]]",
      "X-Content-Type-Options" : "nosniff",
      "X-Frame-Options" : "DENY",
      "X-Xss-Protection" : "1; mode=block"
    },
    "body": {
      "token": "[[ANYTHING_PRESENT]]",
      "case_details": {
        "id": null,
        "jurisdiction": "BEFTA_JURISDICTION_2",
        "state": null,
        "version": null,
        "case_type_id": "BEFTA_CASETYPE_2_1",
        "created_date": null,
        "last_modified": null,
        "last_state_modified_date" : null,
        "security_classification": null,
        "case_data": {},
        "data_classification": {},
        "supplementary_data" : null,
        "after_submit_callback_response": null,
        "callback_response_status_code": null,
        "callback_response_status": null,
        "delete_draft_response_status_code": null,
        "delete_draft_response_status": null,
        "security_classifications": {}
      },
      "event_id": "CREATE"
    }
  }
}
