{
  "_guid_": "Befta_Jurisdiction2_Default_Full_Case_Creation_Data",
  "_extends_": "Befta_Jurisdiction2_Case_Creation_Base_Data",
  "users": {
    "invokingUser": {
      "username": "befta.caseworker.2.solicitor.2@gmail.com",
      "password": "[[$CCD_BEFTA_CASEWORKER_2_SOLICITOR_2_PWD]]"
    }
  },
  "request": {
    "pathVariables": {
      "ctid": "BEFTA_CASETYPE_2_1"
    },
    "body": {
      "data": {
        "_extends_": "Befta_Jurisdiction2_Default_Full_Case_With_Single_Document"
      }
    }
  },
  "expectedResponse": {
    "body": {
      "_links" : {
        "self" : {
          "href" : "{{CCD_DATA_STORE_API_BASE_URL}}/case-types/BEFTA_CASETYPE_2_1/cases{?ignore-warning}"
        }
      },
      "id": "[[ANYTHING_PRESENT]]",
      "jurisdiction": "BEFTA_JURISDICTION_2",
      "state": "TODO",
      "case_type": "BEFTA_CASETYPE_2_1",
      "created_on": "[[ANYTHING_PRESENT]]",
      "last_modified_on": "[[ANYTHING_PRESENT]]",
      "last_state_modified_on": "[[ANYTHING_PRESENT]]",
      "security_classification" : "PUBLIC",
      "data": {
        "_extends_": "Befta_Jurisdiction2_Default_Full_Case_Response_Single_Document"
      },
      "data_classification": {
        "_extends_": "Befta_Jurisdiction2_Default_Full_Case_Data_Security_Classification_Single_Document"
      },
      "after_submit_callback_response": null,
      "callback_response_status_code": null,
      "callback_response_status": null,
      "delete_draft_response_status_code": null,
      "delete_draft_response_status": null
    }
  }
}

