{
  "title": "must get an error response for a non-existing document Id",
  "_guid_": "S-033",
  "_extends_": "F-003_Test_Data_Base",
  "specs": [
    "contains a non-existing document Id"
  ],
  "request": {
    "pathVariables": {
      "documentId": "00000000-0000-0000-0000-000000000000",
      "permanent": false
    }
  },
  "expectedResponse": {
    "_extends_": "AM_404_Response",
    "headers": {
      "Content-Type": "application/json",
      "Content-Length": "[[ANYTHING_PRESENT]]"
    },
    "body": {
      "error": "Resource not found ${[scenarioContext][testData][request][pathVariables][documentId]}"
    }
  }
}
