{
  "title": "must receive an error response for a malformed document ID",
  "_guid_": "S-022",
  "_extends_": "F-002_Test_Data_Base",
  "specs": [
    "contains a malformed document ID"
  ],
  "request": {
    "pathVariables": {
      "documentId": "8de9957b-d7a6-40a1-@£$&-6aac30d33644"
    }
  },
  "expectedResponse": {
    "_extends_": "AM_400_Response",
    "headers": {
      "Content-Type": "application/json",
      "Content-Length": "[[ANYTHING_PRESENT]]"
    },
    "body": {
      "error": "[[ANYTHING_PRESENT]]"
    }
  }
}
