{
  "title": "must receive an error response for an active caseworker who does not have document access",
  "_guid_": "S-023",
  "_extends_": "F-002_Test_Data_Base",
  "specs": [
    "an active caseworker profile in CCD with limited permissions on a document field",
    "contains an active caseworker who does not have document access"
  ],
  "users": {
    "invokingUser": {
      "username": "befta.caseworker.2.solicitor.1@gmail.com",
      "password": "[[$CCD_BEFTA_CASEWORKER_2_SOLICITOR_1_PWD]]"
    }
  },
  "request": {
    "pathVariables": {
      "documentId": "${[scenarioContext][childContexts][Default_Document_Upload_Data][customValues][documentIdInTheResponse]}"
    }
  },
  "expectedResponse": {
    "_extends_": "AM_404_Response",
    "headers": {
      "Content-Type": "application/json",
      "Content-Length": "[[ANYTHING_PRESENT]]"
    },
    "body": {
      "error": "Case reference ${[scenarioContext][childContexts][S-023_Case_Create][testData][actualResponse][body][id]} not found for requested document."
    }
  }
}
