{
  "title": "must receive an error response for a non existing document id",
  "_guid_": "S-021",
  "_extends_": "F-002_Test_Data_Base",
  "specs": [
    "contains a non existing document id"
  ],
  "request": {
    "pathVariables": {
      "documentId": "00000000-0000-0000-0000-000000000000"
    }
  },
  "expectedResponse": {
    "_extends_": "AM_404_Response",
    "headers": {
      "Content-Type": "application/json",
      "Content-Length": "[[ANYTHING_PRESENT]]"
    },
    "body": {
      "error": "Meta data does not exist for documentId: 00000000-0000-0000-0000-000000000000"
    }
  }
}
