{
  "title": "must get an error response for a non-existing document Id",
  "_guid_": "S-055",
  "_extends_": "F-005_Test_Data_Base",
  "specs": [
    "contains a non-existing document Id"
  ],
  "request": {
    "pathVariables": {
      "documentId": "00000000-0000-0000-0000-000000000000"
    },
    "body": {
      "ttl": "2021-12-30T10:10:10"
    }
  },
  "expectedResponse": {
    "_extends_": "AM_404_Response",
    "headers": {
      "Content-Type": "application/json",
      "Content-Length": "[[ANYTHING_PRESENT]]"
    },
    "body": {
      "error": "Meta data does not exist for documentId: ${[scenarioContext][testData][request][pathVariables][documentId]}"
    }
  }
}
