{
  "title": "must get an error response for a non-existing ttl",
  "_guid_": "S-052",
  "_extends_": "F-005_Test_Data_Base",
  "specs": [
    "contains a non-existing ttl"
  ],
  "request": {
    "pathVariables": {
      "documentId": "${[scenarioContext][childContexts][Default_Document_Upload_Data][customValues][documentIdInTheResponse]}"
    },
    "body": {
      "ttl": "2021-13-30T12:10:10"
    }
  },
  "expectedResponse": {
    "_extends_": "AM_400_Response",
    "headers": {
      "Content-Type": "application/json",
      "Content-Length": "[[ANYTHING_PRESENT]]"
    },
    "body": {
      "error": "Incorrect date format 2021-13-30T12:10:10+0000"
    }
  }
}
