{
  "title": "must get an error response when Bulk Scan Processor tries to access Patch Document with ttl API",
  "_guid_": "S-123",
  "_extends_": "F-005_Test_Data_Base",
  "s2sClientId": "bulk_scan_processor",
  "specs": [
    "contains document id uploaded above with ttl",
    "is to be made on behalf of Bulk Scan Processor API"
  ],
  "request": {
    "pathVariables": {
      "documentId": "${[scenarioContext][childContexts][Default_Document_Upload_Data][customValues][documentIdInTheResponse]}"
    },
    "body": {
      "ttl": "2021-12-30T12:10:10"
    }
  },
  "expectedResponse": {
    "_extends_": "AM_403_Response",
    "headers": {
      "Content-Type": "application/json",
      "Content-Length": "[[ANYTHING_PRESENT]]"
    },
    "body": {
      "error": "Forbidden: Insufficient permissions: ${[scenarioContext][testData][request][pathVariables][documentId]}"
    }
  }
}
