{
  "title": "must get an error response for a non-existing document ID",
  "_extends_": "F-001_Test_Base_data",
  "_guid_": "S-002",
  "specs": [
    "for a non-existing document ID"
  ],
  "request": {
    "pathVariables": {
      "documentId": "00000000-0000-0000-0000-000000000000"
    }
  },
  "expectedResponse": {
    "_extends_": "AM_404_Response",
    "headers": {
      "Content-Type": "application/json",
      "Content-Length": "[[ANYTHING_PRESENT]]"
    },
    "body": {
      "error": "Meta data does not exist for documentId: 00000000-0000-0000-0000-000000000000"
    }
  }
}
