{
  "title": "must successfully get document metadata by document ID",
  "_extends_": "F-001_Test_Base_data",
  "_guid_": "S-004",
  "specs": [
    "an active solicitor1 profile in CCD with no READ permission on the document field",
    "contains the id of the document just uploaded above"
  ],
  "users": {
    "invokingUser": {
      "username": "befta.caseworker.2.solicitor.1@gmail.com",
      "password": "[[$CCD_BEFTA_CASEWORKER_2_SOLICITOR_1_PWD]]"
    }
  },
  "request": {
    "pathVariables": {
      "documentId": "${[scenarioContext][childContexts][Default_Document_Upload_Data][customValues][documentIdInTheResponse]}"
    }
  },
  "expectedResponse": {
    "_extends_": "AM_404_Response",
    "headers": {
      "Content-Type": "application/json",
      "Content-Length": "[[ANYTHING_PRESENT]]"
    },
    "body": {
      "error": "Case reference ${[scenarioContext][childContexts][S-004_Case_Create][testData][actualResponse][body][id]} not found for requested document."
    }
  }
}
