{
  "title": "must successfully get document metadata by document ID",
  "_extends_": "F-001_Test_Base_data",
  "_guid_": "S-001",
  "specs": [
    "contains the metadata for the document uploaded above"
  ],
  "request": {
    "pathVariables": {
      "documentId": "${[scenarioContext][childContexts][Default_Document_Upload_Data][customValues][documentIdInTheResponse]}"
    }
  },
  "expectedResponse": {
    "_extends_": "Common_200_Response",
    "headers": {
      "Content-Type": "application/json",
      "Content-Length": "[[ANYTHING_PRESENT]]",
      "Content-Encoding": "gzip"
    },
    "body": {
      "_links" : {
        "self" : {
          "href": "{{DM_STORE_BASE_URL}}/documents/${[scenarioContext][childContexts][Default_Document_Upload_Data][customValues][documentIdInTheResponse]}"
        },
        "binary" : {
          "href": "{{DM_STORE_BASE_URL}}/documents/${[scenarioContext][childContexts][Default_Document_Upload_Data][customValues][documentIdInTheResponse]}/binary"
        }
      },
      "classification": "PUBLIC",
      "createdBy": "[[ANYTHING_PRESENT]]",
      "createdOn": "[[ANYTHING_PRESENT]]",
      "lastModifiedBy": "[[ANYTHING_PRESENT]]",
      "metadata": {
        "case_id": "${[scenarioContext][childContexts][S-001_Case_Create][testData][actualResponse][body][id]}",
        "case_type_id": "${[scenarioContext][childContexts][Default_Document_Upload_Data][testData][actualResponse][body][documents][0][metadata][case_type_id]}",
        "jurisdiction": "${[scenarioContext][childContexts][Default_Document_Upload_Data][testData][actualResponse][body][documents][0][metadata][jurisdiction]}"
      },
      "mimeType": "${[scenarioContext][childContexts][Default_Document_Upload_Data][testData][actualResponse][body][documents][0][mimeType]}",
      "modifiedOn": "[[ANYTHING_PRESENT]]",
      "originalDocumentName": "[[ANYTHING_PRESENT]]",
      "size": "[[ANYTHING_PRESENT]]"
    }
  }
}
