{
  "_guid_": "S-003",
  "_extends_": "F-001_Test_Base_data",
  "title": "must get an error response for a malformed document ID",
  "specs": [
    "for a malformed document ID"
  ],
  "request": {
    "pathVariables": {
      "documentId": "e1cb63af-3a73-45b6-$£@!-a7af34e02f81"
    }
  },
  "expectedResponse": {
    "_extends_": "AM_400_Response",
    "headers": {
      "Content-Type": "application/json",
      "Content-Length": "[[ANYTHING_PRESENT]]"
    },
    "body": {
      "error": "[[ANYTHING_PRESENT]]"
    }
  }
}
