{
  "title": "must get an error response when CCD Data Store tries to access Get Document Metadata API",
  "_extends_": "F-001_Test_Base_data",
  "_guid_": "S-110",
  "s2sClientId": "ccd_data",
  "specs": [
    "is to be made on behalf of CCD Data Store API"
  ],
  "request": {
    "pathVariables": {
      "documentId": "${[scenarioContext][childContexts][Default_Document_Upload_Data][customValues][documentIdInTheResponse]}"
    }
  },
  "expectedResponse": {
    "_extends_": "AM_403_Response",
    "headers": {
      "Content-Type": "application/json",
      "Content-Length": "[[ANYTHING_PRESENT]]"
    },
    "body": {
      "error": "Forbidden: Insufficient permissions: ${[scenarioContext][testData][request][pathVariables][documentId]}"
    }
  }
}
